{
  "ContainerId": 6006,
  "SubId": 1,
  "BodyType": 1,
  "ColorSkin": -6565121,
  "BodyScale": 3.5725150108337402,
  "BoneScale": null,
  "HeadScale": null,
  "ShoulderScale": null,
  "ChestScale": 0.3291189968585968,
  "WaistScale": -0.6499999761581421,
  "HipScale": null,
  "LegScale": 0.019999999552965164,
  "ConvertedScale": 1,
  "HeadScales": null,
  "BrowScales": null,
  "CheekScales": null,
  "ChinScales": null,
  "CraniumScales": null,
  "JawScales": null,
  "NoseScales": null,
  "SuperPrimary": null,
  "SuperSecondary": null,
  "SuperPrimary2": null,
  "SuperSecondary2": null,
  "SuperTertiary": null,
  "SuperQuaternary": null,
  "SGColorMap": {
    "type": "Buffer",
    "data": [
      85,
      86,
      86,
      86,
      94,
      86,
      95,
      85,
      86,
      95,
      85,
      85,
      85,
      85,
      85,
      86,
      85,
      86,
      85,
      94,
      85,
      85,
      85,
      85,
      85,
      85,
      85,
      85,
      92,
      48,
      92,
      48
    ]
  }
}
