{
  "ContainerId": 6006,
  "SubId": 3,
  "BodyType": 1,
  "ColorSkin": -7757590,
  "BodyScale": 3.572519063949585,
  "BoneScale": -0.2747249901294708,
  "HeadScale": null,
  "ShoulderScale": -0.06868100166320801,
  "ChestScale": 0.5494509935379028,
  "WaistScale": -0.7461540102958679,
  "HipScale": -0.637362003326416,
  "LegScale": 0.019999999552965164,
  "ConvertedScale": 1,
  "HeadScales": null,
  "BrowScales": null,
  "CheekScales": null,
  "ChinScales": null,
  "CraniumScales": null,
  "JawScales": null,
  "NoseScales": null,
  "SuperPrimary": null,
  "SuperSecondary": null,
  "SuperPrimary2": null,
  "SuperSecondary2": null,
  "SuperTertiary": null,
  "SuperQuaternary": null,
  "SGColorMap": {
    "type": "Buffer",
    "data": [
      93,
      93,
      93,
      93,
      93,
      93,
      85,
      85,
      93,
      90,
      93,
      85,
      85,
      85,
      85,
      85,
      85,
      85,
      85,
      85,
      85,
      85,
      85,
      85,
      85,
      85,
      85,
      92,
      48,
      92,
      48,
      92,
      48
    ]
  }
}
