{
  "ContainerId": 6006,
  "SubId": 4,
  "BodyType": 1,
  "ColorSkin": 8695279,
  "BodyScale": 3.572519063949585,
  "BoneScale": null,
  "HeadScale": null,
  "ShoulderScale": null,
  "ChestScale": 0.09890100359916687,
  "WaistScale": -0.6499999761581421,
  "HipScale": null,
  "LegScale": 0.019999999552965164,
  "ConvertedScale": 1,
  "HeadScales": null,
  "BrowScales": null,
  "CheekScales": null,
  "ChinScales": null,
  "CraniumScales": null,
  "JawScales": null,
  "NoseScales": null,
  "SuperPrimary": null,
  "SuperSecondary": null,
  "SuperPrimary2": null,
  "SuperSecondary2": null,
  "SuperTertiary": null,
  "SuperQuaternary": null,
  "SGColorMap": {
    "type": "Buffer",
    "data": [
      85,
      85,
      85,
      85,
      85,
      85,
      85,
      85,
      85,
      85,
      85,
      85,
      85,
      85,
      85,
      85,
      85,
      85,
      85,
      85,
      85,
      85,
      85,
      85,
      85,
      85,
      85,
      92,
      48,
      92,
      48,
      92,
      48
    ]
  }
}
