{
  "ContainerId": 6006,
  "SubId": 0,
  "c1862": null,
  "c1863": null,
  "c1864": null,
  "c1865": null,
  "c1866": null,
  "c1867": null,
  "c1868": null,
  "c1869": 1,
  "c1870": null,
  "c1871": null,
  "c1872": null,
  "c1873": null,
  "c1874": null,
  "c1875": null,
  "c1876": null,
  "c1877": 6670,
  "c1878": null,
  "c1879": null,
  "c1880": null,
  "c1881": null,
  "c1882": null,
  "c1883": null,
  "c1884": null,
  "c1885": null,
  "c1886": null,
  "c1887": null,
  "c1888": null,
  "c1889": null,
  "c1890": null,
  "c1891": null,
  "c1892": null,
  "c1893": null,
  "c1894": null,
  "c1895": null,
  "c1896": 35,
  "c1897": null,
  "c1898": null,
  "c1899": null,
  "c1900": null,
  "c1901": null,
  "c1902": 2,
  "c1903": null,
  "c1904": 2,
  "c1905": null,
  "c1906": null,
  "c1907": null,
  "c1908": null,
  "c1909": null,
  "c1910": 24,
  "c1911": null,
  "c1912": 5336,
  "c1913": 1,
  "c1914": null,
  "c1915": null,
  "c1916": null,
  "c1917": null,
  "c1918": null,
  "c1919": null,
  "c1920": null,
  "c1921": null,
  "c1922": null,
  "c1923": 1,
  "c1924": 1,
  "c1925": null,
  "c1926": 1,
  "c1927": null,
  "c1928": null,
  "c1929": null,
  "c1930": null,
  "c1931": null,
  "c1932": null,
  "c1933": null,
  "c1934": null,
  "c1935": null,
  "c1936": null,
  "c1937": null,
  "c1938": null,
  "c1939": null,
  "c1940": null,
  "c1941": null,
  "c1942": null,
  "c1943": null,
  "c1944": 779496,
  "c1945": null,
  "c1946": null,
  "c1947": null,
  "c1948": null,
  "c1949": null,
  "c1950": null,
  "c1951": null,
  "c1952": null,
  "c1953": null,
  "c1954": null,
  "c1955": null,
  "c1956": null,
  "c1957": null,
  "c1958": null,
  "c1959": null,
  "c1960": null,
  "c1961": null,
  "c1962": null,
  "c1963": null,
  "c1964": null,
  "c1965": null,
  "c1966": null,
  "c1967": null,
  "c1968": null,
  "c1969": null,
  "c1970": null,
  "c1971": null,
  "c1972": null,
  "c1973": null,
  "c1974": null,
  "c1975": null,
  "c1976": null,
  "c1977": null,
  "c1978": null,
  "c1979": null,
  "c1980": null,
  "c1981": null,
  "c1982": null,
  "c1983": null,
  "c1984": null,
  "c1985": null,
  "c1986": null,
  "c1987": null,
  "c1988": null,
  "c1989": null,
  "c1990": null,
  "c1991": null,
  "c1992": null,
  "c1993": null,
  "c1994": 779496,
  "c1995": null,
  "c1996": null,
  "c1997": null,
  "c1998": null,
  "c1999": null,
  "c2000": null,
  "c2001": null,
  "c2002": null,
  "c2003": null,
  "c2004": null,
  "c2005": null,
  "c2006": null,
  "c2007": null,
  "c2008": null,
  "c2009": 320634,
  "c2010": 1500000,
  "c2011": null,
  "c2012": null,
  "c2013": null,
  "c2014": null,
  "c2015": null,
  "c2016": null,
  "c2017": null,
  "c2018": null,
  "c2019": 7,
  "c2020": 8,
  "c2021": null,
  "c2022": null,
  "c2023": null,
  "c2024": null,
  "c2025": null,
  "c2026": null,
  "c2027": null,
  "c2028": null,
  "c2029": null,
  "c2030": null,
  "c2031": null,
  "c2032": null,
  "c2033": null,
  "c2034": null,
  "c2035": null,
  "c2036": null,
  "c2037": null,
  "c2038": null,
  "c2039": null,
  "c2040": null,
  "c2041": null,
  "c2042": null,
  "c2043": null,
  "c2044": null,
  "c2045": null,
  "c2046": null,
  "c2047": null,
  "c2048": null,
  "c2049": null,
  "c2050": null,
  "c2051": null,
  "c2052": null,
  "c2053": null,
  "c2054": 3,
  "c2055": null,
  "c2056": null,
  "c2057": null,
  "c2058": null,
  "c2059": null,
  "c2060": null,
  "c2061": null,
  "c2062": null,
  "c2063": null,
  "c2064": null,
  "c2065": null,
  "c2066": null,
  "c2067": null,
  "c2068": null,
  "c2069": null,
  "c2070": null,
  "c2071": null,
  "c2072": null,
  "c2073": null,
  "c2074": null,
  "c2075": null,
  "c2076": null,
  "c2077": null,
  "c2078": null,
  "c2079": null,
  "c2080": null,
  "c2081": null,
  "c2082": 19,
  "c2083": null,
  "c2084": null,
  "c2085": null,
  "c2086": null,
  "c2087": null,
  "c2088": null,
  "c2089": 1,
  "c2090": null,
  "c2091": null,
  "c2092": null,
  "c2093": null,
  "c2094": 3,
  "c2095": null,
  "c2096": null,
  "c2097": null,
  "c2098": 35,
  "c2099": null,
  "c2100": null,
  "c2101": null,
  "c2102": null,
  "c2103": null,
  "c2104": null,
  "c2105": null,
  "c2106": null,
  "c2107": null,
  "c2108": null,
  "c2109": null,
  "c2110": null,
  "c2111": null,
  "c2112": null,
  "c2113": null,
  "c2114": null,
  "c2115": 2,
  "c2116": null,
  "c2117": null,
  "c2118": null,
  "c2119": null,
  "c2120": 1,
  "c2121": null,
  "c2122": null,
  "c2123": null,
  "c2124": null,
  "c2125": null,
  "c2126": null,
  "c2127": null,
  "c2128": null,
  "c2129": 4,
  "c2130": 3,
  "c2131": null,
  "c2132": null,
  "c2133": null,
  "c2134": 1,
  "c2135": null,
  "c2136": null,
  "c2137": null,
  "c2138": null,
  "c2139": null,
  "c2140": null,
  "c2141": null,
  "c2142": null,
  "c2143": null,
  "c2144": null,
  "c2145": null,
  "c2146": null,
  "c2147": null,
  "c2148": 3,
  "c2149": null,
  "c2150": null,
  "c2151": null,
  "c2152": null,
  "c2153": 12,
  "c2154": null,
  "c2155": null,
  "c2156": null,
  "c2157": 1,
  "c2158": 20,
  "c2159": null,
  "c2160": 2,
  "c2161": null,
  "c2162": null,
  "c2163": null,
  "c2164": 1,
  "c2165": null,
  "c2166": 3,
  "c2167": null,
  "c2168": null,
  "c2169": null,
  "c2170": null,
  "c2171": null,
  "c2172": null,
  "c2173": null,
  "c2174": null,
  "c2175": null,
  "c2176": null,
  "c2177": null,
  "c2178": null,
  "c2179": null,
  "c2180": null,
  "c2181": null,
  "c2182": null,
  "c2183": null,
  "c2184": null,
  "c2185": null,
  "c2186": null,
  "c2187": 5,
  "c2188": null,
  "c2189": null,
  "c2190": null,
  "c2191": null,
  "c2192": 3,
  "c2193": null,
  "c2194": null,
  "c2195": null,
  "c2196": null,
  "c2197": null,
  "c2198": 2,
  "c2199": 3,
  "c2200": null,
  "c2201": null,
  "c2202": null,
  "c2203": null,
  "c2204": 1,
  "c2205": null,
  "c2206": null,
  "c2207": null,
  "c2208": null,
  "c2209": null,
  "c2210": null,
  "c2211": null,
  "c2212": null,
  "c2213": 41,
  "c2214": 18,
  "c2215": null,
  "c2216": null,
  "c2217": null,
  "c2218": null,
  "c2219": null,
  "c2220": null,
  "c2221": 1,
  "c2222": 1,
  "c2223": null,
  "c2224": null,
  "c2225": null,
  "c2226": null,
  "c2227": null,
  "c2228": null,
  "c2229": null,
  "c2230": null,
  "c2231": null,
  "c2232": null,
  "c2233": null,
  "c2234": 2,
  "c2235": null,
  "c2236": null,
  "c2237": 2,
  "c2238": null,
  "c2239": null,
  "c2240": null,
  "c2241": null,
  "c2242": null,
  "c2243": null,
  "c2244": null,
  "c2245": null,
  "c2246": 2,
  "c2247": null,
  "c2248": null,
  "c2249": null,
  "c2250": null,
  "c2251": null,
  "c2252": null,
  "c2253": null,
  "c2254": null,
  "c2255": null,
  "c2256": null,
  "c2257": null,
  "c2258": null,
  "c2259": null,
  "c2260": null,
  "c2261": null,
  "c2262": null,
  "c2263": null,
  "c2264": null,
  "c2265": null,
  "c2266": null,
  "c2267": null,
  "c2268": null,
  "c2269": null,
  "c2270": null,
  "c2271": null,
  "c2272": null,
  "c2273": null,
  "c2274": null,
  "c2275": null,
  "c2276": null,
  "c2277": null,
  "c2278": null,
  "c2279": null,
  "c2280": null,
  "c2281": null,
  "c2282": null,
  "c2283": null,
  "c2284": 1,
  "c2285": null,
  "c2286": null,
  "c2287": null,
  "c2288": null,
  "c2289": null,
  "c2290": null,
  "c2291": null,
  "c2292": null,
  "c2293": null,
  "c2294": null,
  "c2295": null,
  "c2296": null,
  "c2297": null,
  "c2298": null,
  "c2299": null,
  "c2300": null,
  "c2301": null,
  "c2302": null,
  "c2303": null,
  "c2304": null,
  "c2305": null,
  "c2306": null,
  "c2307": null,
  "c2308": null,
  "c2309": null,
  "c2310": null,
  "c2311": null,
  "c2312": null,
  "c2313": null,
  "c2314": null,
  "c2315": null,
  "c2316": null,
  "c2317": null,
  "c2318": null,
  "c2319": null,
  "c2320": null,
  "c2321": null,
  "c2322": null,
  "c2323": null,
  "c2324": null,
  "c2325": null,
  "c2326": null,
  "c2327": null,
  "c2328": null,
  "c2329": null,
  "c2330": null,
  "c2331": null,
  "c2332": null,
  "c2333": null,
  "c2334": null,
  "c2335": null,
  "c2336": null,
  "c2337": null,
  "c2338": null,
  "c2339": null,
  "c2340": null,
  "c2341": null,
  "c2342": null,
  "c2343": null,
  "c2344": null,
  "c2345": null,
  "c2346": null,
  "c2347": null,
  "c2348": null,
  "c2349": null,
  "c2350": null,
  "c2351": null,
  "c2352": null,
  "c2353": null,
  "c2354": null,
  "c2355": null,
  "c2356": null,
  "c2357": null,
  "c2358": null,
  "c2359": null,
  "c2360": null,
  "c2361": null,
  "c2362": null,
  "c2363": null,
  "c2364": null,
  "c2365": null,
  "c2366": null,
  "c2367": null,
  "c2368": null,
  "c2369": null,
  "c2370": null,
  "c2371": null,
  "c2372": null,
  "c2373": null,
  "c2374": null,
  "c2375": null,
  "c2376": null,
  "c2377": null,
  "c2378": null,
  "c2379": null,
  "c2380": null,
  "c2381": null,
  "c2382": null,
  "c2383": null,
  "c2384": null,
  "c2385": null,
  "c2386": null,
  "c2387": null,
  "c2388": null,
  "c2389": null,
  "c2390": null,
  "c2391": null,
  "c2392": null,
  "c2393": null,
  "c2394": null,
  "c2395": null,
  "c2396": null,
  "c2397": null,
  "c2398": null,
  "c2399": null,
  "c2400": null,
  "c2401": null,
  "c2402": null,
  "c2403": null,
  "c2404": null,
  "c2405": null,
  "c2406": null,
  "c2407": null,
  "c2408": null,
  "c2409": null,
  "c2410": null,
  "c2411": null,
  "c2412": null,
  "c2413": null,
  "c2414": null,
  "c2415": null,
  "c2416": null,
  "c2417": null,
  "c2418": null,
  "c2419": null,
  "c2420": null,
  "c2421": 1,
  "c2422": 4,
  "c2423": null,
  "c2424": null,
  "c2425": null,
  "c2426": 5,
  "c2427": null,
  "c2428": 5,
  "c2429": null,
  "c2430": null,
  "c2431": null,
  "c2432": 1,
  "c2433": null,
  "c2434": null,
  "c2435": 1,
  "c2436": null,
  "c2437": 5,
  "c2438": null,
  "c2439": null,
  "c2440": null,
  "c2441": null,
  "c2442": null,
  "c2443": null,
  "c2444": null,
  "c2445": null,
  "c2446": null,
  "c2447": null,
  "c2448": null,
  "c2449": null,
  "c2450": null,
  "c2451": null,
  "c2452": null,
  "c2453": null,
  "c2454": null,
  "c2455": null,
  "c2456": null,
  "c2457": null,
  "c2458": null,
  "c2459": null,
  "c2460": null,
  "c2461": null,
  "c2462": null,
  "c2463": null,
  "c2464": null,
  "c2465": null,
  "c2466": null,
  "c2467": null,
  "c2468": null,
  "c2469": 3,
  "c2470": 1,
  "c2471": null,
  "c2472": null,
  "c2473": null,
  "c2474": 37,
  "c2475": 95,
  "c2476": 68,
  "c2477": 34,
  "c2478": null,
  "c2479": null,
  "c2480": null,
  "c2481": null,
  "c2482": null,
  "c2483": null,
  "c2484": null,
  "c2485": null,
  "c2486": null,
  "c2487": null,
  "c2488": null,
  "c2489": null,
  "c2490": null,
  "c2491": 3,
  "c2492": null,
  "c2493": null,
  "c2494": null,
  "c2495": null,
  "c2496": null,
  "c2497": null,
  "c2498": null,
  "c2499": null,
  "c2500": null,
  "c2501": null,
  "c2502": null,
  "c2503": null,
  "c2504": null,
  "c2505": null,
  "c2506": null,
  "c2507": 1,
  "c2508": null,
  "c2509": null,
  "c2510": null,
  "c2511": null,
  "c2512": null,
  "c2513": null,
  "c2514": null,
  "c2515": null,
  "c2516": null,
  "c2517": null,
  "c2518": null,
  "c2519": null,
  "c2520": null,
  "c2521": null,
  "c2522": null,
  "c2523": null,
  "c2524": null,
  "c2525": null,
  "c2526": null,
  "c2527": null,
  "c2528": null,
  "c2529": null,
  "c2530": null,
  "c2531": null,
  "c2532": null,
  "c2533": null,
  "c2534": null,
  "c2535": null,
  "c2536": null,
  "c2537": null,
  "c2538": null,
  "c2539": null,
  "c2540": null,
  "c2541": null,
  "c2542": null,
  "c2543": null,
  "c2544": null,
  "c2545": null,
  "c2546": null,
  "c2547": null,
  "c2548": null,
  "c2549": null,
  "c2550": null,
  "c2551": null,
  "c2552": null,
  "c2553": null,
  "c2554": null,
  "c2555": null,
  "c2556": null,
  "c2557": null,
  "c2558": null,
  "c2559": null,
  "c2560": null,
  "c2561": null,
  "c2562": null,
  "c2563": null,
  "c2564": null,
  "c2565": null,
  "c2566": null,
  "c2567": null,
  "c2568": null,
  "c2569": null,
  "c2570": null,
  "c2571": null,
  "c2572": null,
  "c2573": null,
  "c2574": null,
  "c2575": null,
  "c2576": null,
  "c2577": null,
  "c2578": null,
  "c2579": null,
  "c2580": null,
  "c2581": null,
  "c2582": null,
  "c2583": null,
  "c2584": null,
  "c2585": null,
  "c2586": null,
  "c2587": null,
  "c2588": null,
  "c2589": null,
  "c2590": null,
  "c2591": null,
  "c2592": null,
  "c2593": null,
  "c2594": null,
  "c2595": 2,
  "c2596": null,
  "c2597": null,
  "c2598": null,
  "c2599": null,
  "c2600": 1,
  "c2601": null,
  "c2602": null,
  "c2603": null,
  "c2604": null,
  "c2605": null,
  "c2606": null,
  "c2607": null,
  "c2608": null,
  "c2609": null,
  "c2610": null,
  "c2611": null,
  "c2612": null,
  "c2613": null,
  "c2614": null,
  "c2615": null,
  "c2616": null,
  "c2617": null,
  "c2618": null,
  "c2619": null,
  "c2620": null,
  "c2621": null,
  "c2622": null,
  "c2623": null,
  "c2624": null,
  "c2625": null,
  "c2626": null,
  "c2627": null,
  "c2628": null,
  "c2629": null,
  "c2630": null,
  "c2631": null,
  "c2632": null,
  "c2633": null,
  "c2634": null,
  "c2635": null,
  "c2636": null,
  "c2637": null,
  "c2638": null,
  "c2639": null,
  "c2640": null,
  "c2641": null,
  "c2642": null,
  "c2643": null,
  "c2644": null,
  "c2645": null,
  "c2646": null,
  "c2647": null,
  "c2648": null,
  "c2649": null,
  "c2650": null,
  "c2651": null,
  "c2652": null,
  "c2653": null,
  "c2654": null,
  "c2655": null,
  "c2656": null,
  "c2657": null,
  "c2658": null,
  "c2659": null,
  "c2660": null,
  "c2661": null,
  "c2662": null,
  "c2663": null,
  "c2664": null,
  "c2665": null,
  "c2666": null,
  "c2667": null,
  "c2668": null,
  "c2669": null,
  "c2670": null,
  "c2671": null,
  "c2672": null,
  "c2673": null,
  "c2674": null,
  "c2675": null,
  "c2676": null,
  "c2677": null,
  "c2678": null,
  "c2679": null,
  "c2680": null,
  "c2681": null,
  "c2682": null,
  "c2683": null,
  "c2684": null,
  "c2685": null,
  "c2686": null,
  "c2687": null,
  "c2688": null,
  "c2689": null,
  "c2690": null,
  "c2691": null,
  "c2692": null,
  "c2693": null,
  "c2694": null,
  "c2695": null,
  "c2696": null,
  "c2697": null,
  "c2698": null,
  "c2699": null,
  "c2700": null,
  "c2701": null,
  "c2702": null,
  "c2703": null,
  "c2704": null,
  "c2705": null,
  "c2706": null,
  "c2707": null,
  "c2708": null,
  "c2709": null,
  "c2710": null,
  "c2711": null,
  "c2712": null,
  "c2713": null,
  "c2714": null,
  "c2715": null,
  "c2716": null,
  "c2717": null,
  "c2718": null,
  "c2719": null,
  "c2720": null,
  "c2721": null,
  "c2722": null,
  "c2723": null,
  "c2724": null,
  "c2725": null,
  "c2726": null,
  "c2727": null,
  "c2728": null,
  "c2729": null,
  "c2730": null,
  "c2731": null,
  "c2732": null,
  "c2733": null,
  "c2734": null,
  "c2735": null,
  "c2736": null,
  "c2737": null,
  "c2738": null,
  "c2739": null,
  "c2740": null,
  "c2741": null,
  "c2742": null,
  "c2743": null,
  "c2744": null,
  "c2745": null,
  "c2746": null,
  "c2747": null,
  "c2748": null,
  "c2749": null,
  "c2750": null,
  "c2751": null,
  "c2752": null,
  "c2753": null,
  "c2754": null,
  "c2755": null,
  "c2756": null,
  "c2757": null,
  "c2758": null,
  "c2759": null,
  "c2760": null,
  "c2761": null,
  "c2762": null,
  "c2763": null,
  "c2764": null,
  "c2765": null,
  "c2766": null,
  "c2767": null,
  "c2768": null,
  "c2769": null,
  "c2770": null,
  "c2771": null,
  "c2772": null,
  "c2773": null,
  "c2774": null,
  "c2775": null,
  "c2776": null,
  "c2777": null,
  "c2778": null,
  "c2779": null,
  "c2780": null,
  "c2781": null,
  "c2782": null,
  "c2783": null,
  "c2784": null,
  "c2785": null,
  "c2786": null,
  "c2787": null,
  "c2788": null,
  "c2789": null,
  "c2790": null,
  "c2791": null,
  "c2792": null,
  "c2793": null,
  "c2794": null,
  "c2795": null,
  "c2796": null,
  "c2797": null,
  "c2798": null,
  "c2799": null,
  "c2800": null,
  "c2801": null,
  "c2802": null,
  "c2803": null,
  "c2804": null,
  "c2805": null,
  "c2806": null,
  "c2807": null,
  "c2808": null,
  "c2809": null,
  "c2810": null,
  "c2811": null,
  "c2812": null,
  "c2813": null,
  "c2814": null,
  "c2815": null,
  "c2816": null,
  "c2817": null,
  "c2818": null,
  "c2819": null,
  "c2820": null,
  "c2821": null,
  "c2822": null,
  "c2823": null,
  "c2824": null,
  "c2825": null,
  "c2826": null,
  "c2827": null,
  "c2828": null,
  "c2829": null,
  "c2830": null,
  "c2831": null,
  "c2832": null,
  "c2833": null,
  "c2834": null,
  "c2835": null,
  "c2836": null,
  "c2837": null,
  "c2838": null,
  "c2839": null,
  "c2840": null,
  "c2841": null,
  "c2842": null,
  "c2843": null,
  "c2844": null,
  "c2845": null,
  "c2846": null,
  "c2847": null,
  "c2848": null,
  "c2849": null,
  "c2850": null,
  "c2851": null,
  "c2852": null,
  "c2853": null,
  "c2854": null,
  "c2855": null,
  "c2856": null,
  "c2857": null,
  "c2858": null,
  "c2859": null,
  "c2860": null,
  "c2861": null
}
