{
  "ContainerId": 6006,
  "SubId": 26,
  "PowerID": 51,
  "Idx": 2,
  "CategoryName": 604,
  "PowerSetName": 18391,
  "BoostName": 18391,
  "Level": 34,
  "NumCombines": null,
  "Var0": null,
  "Var1": null,
  "Var2": null,
  "Var3": null,
  "SlottedPowerupsMask": null,
  "PowerupSlotType0": null,
  "PowerupSlotId0": null,
  "PowerupSlotType1": null,
  "PowerupSlotId1": null,
  "PowerupSlotType2": null,
  "PowerupSlotId2": null,
  "PowerupSlotType3": null,
  "PowerupSlotId3": null,
  "PowerupSlotType4": null,
  "PowerupSlotId4": null,
  "PowerupSlotType5": null,
  "PowerupSlotId5": null,
  "PowerupSlotType6": null,
  "PowerupSlotId6": null,
  "PowerupSlotType7": null,
  "PowerupSlotId7": null,
  "PowerupSlotType8": null,
  "PowerupSlotId8": null,
  "PowerupSlotType9": null,
  "PowerupSlotId9": null
}
