{
  "ContainerId": 7434,
  "SubId": 3,
  "BodyType": null,
  "ColorSkin": 10203903,
  "BodyScale": null,
  "BoneScale": null,
  "HeadScale": null,
  "ShoulderScale": null,
  "ChestScale": null,
  "WaistScale": null,
  "HipScale": null,
  "LegScale": null,
  "ConvertedScale": 1,
  "HeadScales": null,
  "BrowScales": null,
  "CheekScales": null,
  "ChinScales": null,
  "CraniumScales": null,
  "JawScales": null,
  "NoseScales": null,
  "SuperPrimary": null,
  "SuperSecondary": null,
  "SuperPrimary2": null,
  "SuperSecondary2": null,
  "SuperTertiary": null,
  "SuperQuaternary": null,
  "SGColorMap": null
}
