{
  "ContainerId": 7434,
  "SubId": 0,
  "c862": null,
  "c863": null,
  "c864": null,
  "c865": null,
  "c866": null,
  "c867": null,
  "c868": null,
  "c869": null,
  "c870": null,
  "c871": null,
  "c872": null,
  "c873": null,
  "c874": null,
  "c875": null,
  "c876": null,
  "c877": null,
  "c878": null,
  "c879": null,
  "c880": null,
  "c881": null,
  "c882": null,
  "c883": null,
  "c884": null,
  "c885": null,
  "c886": null,
  "c887": null,
  "c888": null,
  "c889": null,
  "c890": null,
  "c891": null,
  "c892": null,
  "c893": null,
  "c894": null,
  "c895": null,
  "c896": null,
  "c897": null,
  "c898": null,
  "c899": null,
  "c900": null,
  "c901": null,
  "c902": null,
  "c903": null,
  "c904": null,
  "c905": null,
  "c906": null,
  "c907": null,
  "c908": null,
  "c909": null,
  "c910": null,
  "c911": null,
  "c912": null,
  "c913": null,
  "c914": null,
  "c915": null,
  "c916": null,
  "c917": null,
  "c918": null,
  "c919": null,
  "c920": null,
  "c921": null,
  "c922": null,
  "c923": null,
  "c924": null,
  "c925": null,
  "c926": null,
  "c927": null,
  "c928": null,
  "c929": null,
  "c930": null,
  "c931": null,
  "c932": null,
  "c933": null,
  "c934": null,
  "c935": null,
  "c936": null,
  "c937": null,
  "c938": null,
  "c939": null,
  "c940": null,
  "c941": null,
  "c942": null,
  "c943": null,
  "c944": null,
  "c945": null,
  "c946": null,
  "c947": null,
  "c948": null,
  "c949": null,
  "c950": null,
  "c951": null,
  "c952": null,
  "c953": null,
  "c954": null,
  "c955": null,
  "c956": null,
  "c957": null,
  "c958": null,
  "c959": null,
  "c960": null,
  "c961": null,
  "c962": null,
  "c963": null,
  "c964": null,
  "c965": null,
  "c966": null,
  "c967": null,
  "c968": null,
  "c969": null,
  "c970": null,
  "c971": null,
  "c972": null,
  "c973": null,
  "c974": null,
  "c975": null,
  "c976": null,
  "c977": null,
  "c978": null,
  "c979": null,
  "c980": null,
  "c981": null,
  "c982": null,
  "c983": null,
  "c984": null,
  "c985": null,
  "c986": null,
  "c987": null,
  "c988": null,
  "c989": null,
  "c990": null,
  "c991": null,
  "c992": null,
  "c993": null,
  "c994": null,
  "c995": null,
  "c996": null,
  "c997": null,
  "c998": null,
  "c999": null,
  "c1000": null,
  "c1001": null,
  "c1002": null,
  "c1003": null,
  "c1004": null,
  "c1005": null,
  "c1006": null,
  "c1007": null,
  "c1008": null,
  "c1009": null,
  "c1010": null,
  "c1011": null,
  "c1012": null,
  "c1013": null,
  "c1014": null,
  "c1015": null,
  "c1016": null,
  "c1017": null,
  "c1018": null,
  "c1019": null,
  "c1020": null,
  "c1021": null,
  "c1022": null,
  "c1023": null,
  "c1024": null,
  "c1025": null,
  "c1026": null,
  "c1027": null,
  "c1028": null,
  "c1029": null,
  "c1030": null,
  "c1031": null,
  "c1032": null,
  "c1033": null,
  "c1034": null,
  "c1035": null,
  "c1036": null,
  "c1037": null,
  "c1038": null,
  "c1039": null,
  "c1040": null,
  "c1041": null,
  "c1042": null,
  "c1043": null,
  "c1044": null,
  "c1045": null,
  "c1046": null,
  "c1047": null,
  "c1048": null,
  "c1049": null,
  "c1050": null,
  "c1051": null,
  "c1052": null,
  "c1053": null,
  "c1054": null,
  "c1055": null,
  "c1056": null,
  "c1057": null,
  "c1058": null,
  "c1059": null,
  "c1060": null,
  "c1061": null,
  "c1062": null,
  "c1063": null,
  "c1064": null,
  "c1065": null,
  "c1066": null,
  "c1067": null,
  "c1068": null,
  "c1069": null,
  "c1070": null,
  "c1071": null,
  "c1072": null,
  "c1073": null,
  "c1074": null,
  "c1075": null,
  "c1076": null,
  "c1077": null,
  "c1078": null,
  "c1079": null,
  "c1080": null,
  "c1081": null,
  "c1082": null,
  "c1083": null,
  "c1084": null,
  "c1085": null,
  "c1086": null,
  "c1087": null,
  "c1088": null,
  "c1089": null,
  "c1090": null,
  "c1091": null,
  "c1092": null,
  "c1093": null,
  "c1094": null,
  "c1095": null,
  "c1096": null,
  "c1097": null,
  "c1098": null,
  "c1099": null,
  "c1100": null,
  "c1101": null,
  "c1102": null,
  "c1103": null,
  "c1104": null,
  "c1105": null,
  "c1106": null,
  "c1107": null,
  "c1108": null,
  "c1109": null,
  "c1110": null,
  "c1111": null,
  "c1112": null,
  "c1113": null,
  "c1114": null,
  "c1115": null,
  "c1116": null,
  "c1117": null,
  "c1118": null,
  "c1119": null,
  "c1120": null,
  "c1121": null,
  "c1122": null,
  "c1123": null,
  "c1124": null,
  "c1125": null,
  "c1126": null,
  "c1127": null,
  "c1128": null,
  "c1129": null,
  "c1130": null,
  "c1131": null,
  "c1132": null,
  "c1133": null,
  "c1134": null,
  "c1135": null,
  "c1136": null,
  "c1137": null,
  "c1138": null,
  "c1139": null,
  "c1140": null,
  "c1141": null,
  "c1142": null,
  "c1143": null,
  "c1144": null,
  "c1145": null,
  "c1146": null,
  "c1147": null,
  "c1148": null,
  "c1149": null,
  "c1150": null,
  "c1151": null,
  "c1152": null,
  "c1153": null,
  "c1154": null,
  "c1155": null,
  "c1156": null,
  "c1157": null,
  "c1158": null,
  "c1159": null,
  "c1160": null,
  "c1161": null,
  "c1162": null,
  "c1163": null,
  "c1164": null,
  "c1165": null,
  "c1166": null,
  "c1167": null,
  "c1168": null,
  "c1169": null,
  "c1170": null,
  "c1171": null,
  "c1172": null,
  "c1173": null,
  "c1174": null,
  "c1175": null,
  "c1176": null,
  "c1177": null,
  "c1178": null,
  "c1179": null,
  "c1180": null,
  "c1181": null,
  "c1182": null,
  "c1183": null,
  "c1184": null,
  "c1185": null,
  "c1186": null,
  "c1187": null,
  "c1188": null,
  "c1189": null,
  "c1190": null,
  "c1191": null,
  "c1192": null,
  "c1193": null,
  "c1194": null,
  "c1195": null,
  "c1196": null,
  "c1197": null,
  "c1198": null,
  "c1199": null,
  "c1200": null,
  "c1201": null,
  "c1202": null,
  "c1203": null,
  "c1204": null,
  "c1205": null,
  "c1206": null,
  "c1207": null,
  "c1208": null,
  "c1209": null,
  "c1210": null,
  "c1211": null,
  "c1212": null,
  "c1213": null,
  "c1214": null,
  "c1215": null,
  "c1216": null,
  "c1217": null,
  "c1218": null,
  "c1219": null,
  "c1220": null,
  "c1221": null,
  "c1222": null,
  "c1223": null,
  "c1224": null,
  "c1225": null,
  "c1226": null,
  "c1227": null,
  "c1228": null,
  "c1229": null,
  "c1230": null,
  "c1231": null,
  "c1232": null,
  "c1233": null,
  "c1234": null,
  "c1235": null,
  "c1236": null,
  "c1237": null,
  "c1238": null,
  "c1239": null,
  "c1240": null,
  "c1241": null,
  "c1242": null,
  "c1243": null,
  "c1244": null,
  "c1245": null,
  "c1246": null,
  "c1247": null,
  "c1248": null,
  "c1249": null,
  "c1250": null,
  "c1251": null,
  "c1252": null,
  "c1253": null,
  "c1254": null,
  "c1255": null,
  "c1256": null,
  "c1257": null,
  "c1258": null,
  "c1259": null,
  "c1260": null,
  "c1261": null,
  "c1262": null,
  "c1263": null,
  "c1264": null,
  "c1265": null,
  "c1266": null,
  "c1267": null,
  "c1268": null,
  "c1269": null,
  "c1270": null,
  "c1271": null,
  "c1272": null,
  "c1273": null,
  "c1274": null,
  "c1275": null,
  "c1276": null,
  "c1277": null,
  "c1278": null,
  "c1279": null,
  "c1280": null,
  "c1281": null,
  "c1282": null,
  "c1283": null,
  "c1284": null,
  "c1285": null,
  "c1286": null,
  "c1287": null,
  "c1288": null,
  "c1289": null,
  "c1290": null,
  "c1291": null,
  "c1292": null,
  "c1293": null,
  "c1294": null,
  "c1295": null,
  "c1296": null,
  "c1297": null,
  "c1298": null,
  "c1299": null,
  "c1300": null,
  "c1301": null,
  "c1302": null,
  "c1303": null,
  "c1304": null,
  "c1305": null,
  "c1306": null,
  "c1307": null,
  "c1308": null,
  "c1309": null,
  "c1310": null,
  "c1311": null,
  "c1312": null,
  "c1313": null,
  "c1314": null,
  "c1315": null,
  "c1316": null,
  "c1317": null,
  "c1318": null,
  "c1319": null,
  "c1320": null,
  "c1321": null,
  "c1322": null,
  "c1323": null,
  "c1324": null,
  "c1325": null,
  "c1326": null,
  "c1327": null,
  "c1328": null,
  "c1329": null,
  "c1330": null,
  "c1331": null,
  "c1332": null,
  "c1333": null,
  "c1334": null,
  "c1335": null,
  "c1336": null,
  "c1337": null,
  "c1338": null,
  "c1339": null,
  "c1340": null,
  "c1341": null,
  "c1342": null,
  "c1343": null,
  "c1344": null,
  "c1345": null,
  "c1346": null,
  "c1347": null,
  "c1348": null,
  "c1349": null,
  "c1350": null,
  "c1351": null,
  "c1352": null,
  "c1353": null,
  "c1354": null,
  "c1355": null,
  "c1356": null,
  "c1357": null,
  "c1358": null,
  "c1359": null,
  "c1360": null,
  "c1361": null,
  "c1362": null,
  "c1363": null,
  "c1364": null,
  "c1365": null,
  "c1366": null,
  "c1367": null,
  "c1368": null,
  "c1369": null,
  "c1370": null,
  "c1371": null,
  "c1372": null,
  "c1373": null,
  "c1374": null,
  "c1375": null,
  "c1376": null,
  "c1377": null,
  "c1378": null,
  "c1379": null,
  "c1380": null,
  "c1381": null,
  "c1382": null,
  "c1383": null,
  "c1384": null,
  "c1385": null,
  "c1386": null,
  "c1387": null,
  "c1388": null,
  "c1389": null,
  "c1390": null,
  "c1391": null,
  "c1392": null,
  "c1393": null,
  "c1394": null,
  "c1395": null,
  "c1396": null,
  "c1397": null,
  "c1398": null,
  "c1399": null,
  "c1400": null,
  "c1401": null,
  "c1402": null,
  "c1403": null,
  "c1404": null,
  "c1405": null,
  "c1406": null,
  "c1407": null,
  "c1408": null,
  "c1409": null,
  "c1410": null,
  "c1411": null,
  "c1412": null,
  "c1413": null,
  "c1414": null,
  "c1415": null,
  "c1416": null,
  "c1417": null,
  "c1418": null,
  "c1419": null,
  "c1420": null,
  "c1421": null,
  "c1422": null,
  "c1423": null,
  "c1424": null,
  "c1425": null,
  "c1426": null,
  "c1427": null,
  "c1428": null,
  "c1429": null,
  "c1430": null,
  "c1431": null,
  "c1432": null,
  "c1433": null,
  "c1434": null,
  "c1435": null,
  "c1436": null,
  "c1437": null,
  "c1438": null,
  "c1439": null,
  "c1440": null,
  "c1441": null,
  "c1442": null,
  "c1443": null,
  "c1444": null,
  "c1445": null,
  "c1446": null,
  "c1447": null,
  "c1448": null,
  "c1449": null,
  "c1450": null,
  "c1451": null,
  "c1452": null,
  "c1453": null,
  "c1454": null,
  "c1455": null,
  "c1456": null,
  "c1457": null,
  "c1458": null,
  "c1459": null,
  "c1460": null,
  "c1461": null,
  "c1462": null,
  "c1463": null,
  "c1464": null,
  "c1465": null,
  "c1466": null,
  "c1467": null,
  "c1468": null,
  "c1469": null,
  "c1470": null,
  "c1471": null,
  "c1472": null,
  "c1473": null,
  "c1474": null,
  "c1475": null,
  "c1476": null,
  "c1477": null,
  "c1478": null,
  "c1479": null,
  "c1480": null,
  "c1481": null,
  "c1482": null,
  "c1483": null,
  "c1484": null,
  "c1485": null,
  "c1486": null,
  "c1487": null,
  "c1488": null,
  "c1489": null,
  "c1490": null,
  "c1491": null,
  "c1492": null,
  "c1493": null,
  "c1494": null,
  "c1495": null,
  "c1496": null,
  "c1497": null,
  "c1498": null,
  "c1499": null,
  "c1500": null,
  "c1501": null,
  "c1502": null,
  "c1503": null,
  "c1504": null,
  "c1505": null,
  "c1506": null,
  "c1507": null,
  "c1508": null,
  "c1509": null,
  "c1510": null,
  "c1511": null,
  "c1512": null,
  "c1513": null,
  "c1514": null,
  "c1515": null,
  "c1516": null,
  "c1517": null,
  "c1518": null,
  "c1519": null,
  "c1520": null,
  "c1521": null,
  "c1522": null,
  "c1523": null,
  "c1524": null,
  "c1525": null,
  "c1526": null,
  "c1527": null,
  "c1528": null,
  "c1529": null,
  "c1530": null,
  "c1531": null,
  "c1532": null,
  "c1533": null,
  "c1534": null,
  "c1535": null,
  "c1536": null,
  "c1537": null,
  "c1538": null,
  "c1539": null,
  "c1540": null,
  "c1541": null,
  "c1542": null,
  "c1543": null,
  "c1544": null,
  "c1545": null,
  "c1546": null,
  "c1547": null,
  "c1548": null,
  "c1549": null,
  "c1550": null,
  "c1551": null,
  "c1552": null,
  "c1553": null,
  "c1554": null,
  "c1555": null,
  "c1556": null,
  "c1557": null,
  "c1558": null,
  "c1559": null,
  "c1560": null,
  "c1561": null,
  "c1562": null,
  "c1563": null,
  "c1564": null,
  "c1565": null,
  "c1566": null,
  "c1567": null,
  "c1568": null,
  "c1569": null,
  "c1570": null,
  "c1571": null,
  "c1572": null,
  "c1573": null,
  "c1574": null,
  "c1575": null,
  "c1576": null,
  "c1577": null,
  "c1578": null,
  "c1579": null,
  "c1580": null,
  "c1581": null,
  "c1582": null,
  "c1583": null,
  "c1584": null,
  "c1585": null,
  "c1586": null,
  "c1587": null,
  "c1588": null,
  "c1589": null,
  "c1590": null,
  "c1591": null,
  "c1592": null,
  "c1593": null,
  "c1594": null,
  "c1595": null,
  "c1596": null,
  "c1597": null,
  "c1598": null,
  "c1599": null,
  "c1600": null,
  "c1601": null,
  "c1602": null,
  "c1603": null,
  "c1604": null,
  "c1605": null,
  "c1606": null,
  "c1607": null,
  "c1608": null,
  "c1609": null,
  "c1610": null,
  "c1611": null,
  "c1612": null,
  "c1613": null,
  "c1614": null,
  "c1615": null,
  "c1616": null,
  "c1617": null,
  "c1618": null,
  "c1619": null,
  "c1620": null,
  "c1621": null,
  "c1622": null,
  "c1623": null,
  "c1624": null,
  "c1625": null,
  "c1626": null,
  "c1627": null,
  "c1628": null,
  "c1629": null,
  "c1630": null,
  "c1631": null,
  "c1632": null,
  "c1633": null,
  "c1634": null,
  "c1635": null,
  "c1636": null,
  "c1637": null,
  "c1638": null,
  "c1639": null,
  "c1640": null,
  "c1641": null,
  "c1642": null,
  "c1643": null,
  "c1644": null,
  "c1645": null,
  "c1646": null,
  "c1647": null,
  "c1648": null,
  "c1649": null,
  "c1650": null,
  "c1651": null,
  "c1652": null,
  "c1653": null,
  "c1654": null,
  "c1655": null,
  "c1656": null,
  "c1657": null,
  "c1658": null,
  "c1659": null,
  "c1660": null,
  "c1661": null,
  "c1662": null,
  "c1663": null,
  "c1664": null,
  "c1665": null,
  "c1666": null,
  "c1667": null,
  "c1668": null,
  "c1669": null,
  "c1670": null,
  "c1671": null,
  "c1672": null,
  "c1673": null,
  "c1674": null,
  "c1675": null,
  "c1676": null,
  "c1677": null,
  "c1678": null,
  "c1679": null,
  "c1680": null,
  "c1681": null,
  "c1682": null,
  "c1683": null,
  "c1684": null,
  "c1685": null,
  "c1686": null,
  "c1687": null,
  "c1688": null,
  "c1689": null,
  "c1690": null,
  "c1691": null,
  "c1692": null,
  "c1693": null,
  "c1694": null,
  "c1695": null,
  "c1696": null,
  "c1697": null,
  "c1698": null,
  "c1699": null,
  "c1700": null,
  "c1701": null,
  "c1702": null,
  "c1703": null,
  "c1704": null,
  "c1705": null,
  "c1706": null,
  "c1707": null,
  "c1708": null,
  "c1709": null,
  "c1710": null,
  "c1711": null,
  "c1712": null,
  "c1713": null,
  "c1714": null,
  "c1715": null,
  "c1716": null,
  "c1717": null,
  "c1718": null,
  "c1719": null,
  "c1720": null,
  "c1721": null,
  "c1722": null,
  "c1723": null,
  "c1724": null,
  "c1725": null,
  "c1726": null,
  "c1727": null,
  "c1728": null,
  "c1729": null,
  "c1730": null,
  "c1731": null,
  "c1732": 52,
  "c1733": null,
  "c1734": null,
  "c1735": null,
  "c1736": null,
  "c1737": null,
  "c1738": null,
  "c1739": null,
  "c1740": null,
  "c1741": null,
  "c1742": null,
  "c1743": null,
  "c1744": null,
  "c1745": null,
  "c1746": null,
  "c1747": null,
  "c1748": null,
  "c1749": null,
  "c1750": null,
  "c1751": null,
  "c1752": null,
  "c1753": null,
  "c1754": null,
  "c1755": null,
  "c1756": null,
  "c1757": null,
  "c1758": null,
  "c1759": null,
  "c1760": null,
  "c1761": null,
  "c1762": null,
  "c1763": null,
  "c1764": null,
  "c1765": null,
  "c1766": null,
  "c1767": null,
  "c1768": null,
  "c1769": null,
  "c1770": null,
  "c1771": null,
  "c1772": null,
  "c1773": null,
  "c1774": null,
  "c1775": null,
  "c1776": null,
  "c1777": null,
  "c1778": null,
  "c1779": null,
  "c1780": null,
  "c1781": null,
  "c1782": null,
  "c1783": null,
  "c1784": null,
  "c1785": null,
  "c1786": null,
  "c1787": null,
  "c1788": null,
  "c1789": null,
  "c1790": null,
  "c1791": null,
  "c1792": null,
  "c1793": null,
  "c1794": null,
  "c1795": null,
  "c1796": null,
  "c1797": null,
  "c1798": null,
  "c1799": null,
  "c1800": null,
  "c1801": null,
  "c1802": null,
  "c1803": null,
  "c1804": null,
  "c1805": null,
  "c1806": null,
  "c1807": null,
  "c1808": null,
  "c1809": null,
  "c1810": null,
  "c1811": null,
  "c1812": null,
  "c1813": null,
  "c1814": null,
  "c1815": null,
  "c1816": null,
  "c1817": null,
  "c1818": null,
  "c1819": null,
  "c1820": null,
  "c1821": null,
  "c1822": null,
  "c1823": null,
  "c1824": null,
  "c1825": null,
  "c1826": null,
  "c1827": null,
  "c1828": null,
  "c1829": null,
  "c1830": null,
  "c1831": null,
  "c1832": null,
  "c1833": null,
  "c1834": null,
  "c1835": null,
  "c1836": null,
  "c1837": null,
  "c1838": null,
  "c1839": null,
  "c1840": null,
  "c1841": null,
  "c1842": null,
  "c1843": null,
  "c1844": null,
  "c1845": null,
  "c1846": null,
  "c1847": null,
  "c1848": null,
  "c1849": null,
  "c1850": null,
  "c1851": null,
  "c1852": null,
  "c1853": null,
  "c1854": null,
  "c1855": null,
  "c1856": null,
  "c1857": null,
  "c1858": null,
  "c1859": null,
  "c1860": null,
  "c1861": null
}
