{
  "ContainerId": 7434,
  "Active": null,
  "SUID": "0105xtjppxdpsnyhj9tc1xk1sp",
  "TeamupsId": null,
  "SupergroupsId": 34,
  "TaskforcesId": null,
  "AuthId": 1,
  "AuthName": "Michiyo",
  "Name": ".-.-.-.-.-.-.-.-.-.-",
  "StaticMapId": 24,
  "MapId": null,
  "PosX": -89,
  "PosY": -0.00003099999958067201,
  "PosZ": 216.43927001953125,
  "OrientP": null,
  "OrientY": 0.3405439853668213,
  "OrientR": null,
  "TotalTime": 52,
  "LoginCount": 1,
  "LastActive": "2021-09-02T18:53:01.000Z",
  "AccessLevel": null,
  "ChatBanExpire": null,
  "DbFlags": 262144,
  "Locale": null,
  "GurneyMapId": 49,
  "TitleCommon": null,
  "TitleOrigin": null,
  "MouseSpeed": 1,
  "TurnSpeed": 3,
  "TopChatFilter": null,
  "BotChatFilter": null,
  "ChatSendChannel": 21,
  "KeyProfile": "default",
  "KeybindCount": null,
  "FriendCount": null,
  "Rank": null,
  "TimePlayed": null,
  "MemberSince": "2023-03-25T09:42:03.000Z",
  "TaskForceMode": null,
  "BodyType": null,
  "BodyScale": null,
  "BoneScale": null,
  "ColorSkin": -6573313,
  "Motto": null,
  "Description": null,
  "CurrentTray": null,
  "CurrentAltTray": null,
  "ChatDivider": null,
  "SpawnTarget": null,
  "Class": 1,
  "Origin": 8,
  "Level": null,
  "ExperiencePoints": null,
  "ExperienceDebt": null,
  "InfluencePoints": null,
  "HitPoints": 102.5,
  "Endurance": 100,
  "ChatFontSize": 12,
  "UniqueTaskIssued": null,
  "TitleSpecial": null,
  "TitlesChosen": null,
  "TitleSpecialExpires": null,
  "AuthUserData": null,
  "UiSettings": 24579,
  "ShowSettings": -958698414,
  "NPCCostume": null,
  "Banned": null,
  "NumCostumeSlots": null,
  "CurrentCostume": null,
  "FxSpecial": null,
  "FxSpecialExpires": null,
  "CsrModified": null,
  "DateCreated": "2021-09-02T18:52:10.000Z",
  "Gender": 2,
  "NameGender": 2,
  "PlayerType": null,
  "Prestige": null,
  "IsSlotLocked": null
}
