{
  "ContainerId": 7434,
  "SubId": 11,
  "PowerID": 12,
  "CategoryName": 200,
  "PowerSetName": 8949,
  "PowerName": 9004,
  "PowerLevelBought": null,
  "PowerNumBoostsBought": null,
  "PowerSetLevelBought": null,
  "NumCharges": null,
  "UsageTime": null,
  "CreationTime": 683949130,
  "RechargedAt": null,
  "Active": null,
  "Var0": null,
  "Var1": null,
  "Var2": null,
  "Var3": null,
  "SlottedPowerupsMask": null,
  "PowerupSlotType0": null,
  "PowerupSlotId0": null,
  "PowerupSlotType1": null,
  "PowerupSlotId1": null,
  "PowerupSlotType2": null,
  "PowerupSlotId2": null,
  "PowerupSlotType3": null,
  "PowerupSlotId3": null,
  "PowerupSlotType4": null,
  "PowerupSlotId4": null,
  "PowerupSlotType5": null,
  "PowerupSlotId5": null,
  "PowerupSlotType6": null,
  "PowerupSlotId6": null,
  "PowerupSlotType7": null,
  "PowerupSlotId7": null,
  "PowerupSlotType8": null,
  "PowerupSlotId8": null,
  "PowerupSlotType9": null,
  "PowerupSlotId9": null,
  "AvailableTime": null,
  "BuildNum": null,
  "Disabled": null,
  "InstanceBought": null,
  "UniqueID": 48270,
  "ToggleTime": null
}
