{
  "ContainerId": 1003,
  "SubId": 0,
  "BodyType": 1,
  "ColorSkin": -6573313,
  "BodyScale": null,
  "BoneScale": null,
  "HeadScale": null,
  "ShoulderScale": null,
  "ChestScale": null,
  "WaistScale": null,
  "HipScale": null,
  "LegScale": null,
  "ConvertedScale": 1,
  "HeadScales": null,
  "BrowScales": null,
  "CheekScales": null,
  "ChinScales": null,
  "CraniumScales": null,
  "JawScales": null,
  "NoseScales": null,
  "SuperPrimary": null,
  "SuperSecondary": null,
  "SuperPrimary2": null,
  "SuperSecondary2": null,
  "SuperTertiary": null,
  "SuperQuaternary": null,
  "SuperPrimaryAux1": null,
  "SuperSecondaryAux1": null,
  "SuperPrimary2Aux1": null,
  "SuperSecondary2Aux1": null,
  "SuperTertiaryAux1": null,
  "SuperQuaternaryAux1": null,
  "PowerColorPrimary1": null,
  "PowerColorPrimary2": null,
  "PowerColorSecondary1": null,
  "PowerColorSecondary2": null,
  "SuperPrimaryAux2": null,
  "SuperSecondaryAux2": null,
  "SuperPrimary2Aux2": null,
  "SuperSecondary2Aux2": null,
  "SuperTertiaryAux2": null,
  "SuperQuaternaryAux2": null,
  "SuperPrimaryAux3": null,
  "SuperSecondaryAux3": null,
  "SuperPrimary2Aux3": null,
  "SuperSecondary2Aux3": null,
  "SuperTertiaryAux3": null,
  "SuperQuaternaryAux3": null,
  "SuperPrimaryAux4": null,
  "SuperSecondaryAux4": null,
  "SuperPrimary2Aux4": null,
  "SuperSecondary2Aux4": null,
  "SuperTertiaryAux4": null,
  "SuperQuaternaryAux4": null,
  "SuperPrimaryAux5": null,
  "SuperSecondaryAux5": null,
  "SuperPrimary2Aux5": null,
  "SuperSecondary2Aux5": null,
  "SuperTertiaryAux5": null,
  "SuperQuaternaryAux5": null,
  "PrimaryPowerToken": null,
  "SecondaryPowerToken": null,
  "SuperColorSet": null
}
