{
  "ContainerId": 1003,
  "SubId": 0,
  "RespecTokens": null,
  "PendingReward": null,
  "PendingRewardVillian": null,
  "PendingRewardLevel": null,
  "TitleBadge": null,
  "ChatSettings": 8097,
  "PrimaryChatMinimized": null,
  "MousePitch": null,
  "UiSettings2": 272678912,
  "UserSendChannel": null,
  "FreeTailorSessions": null,
  "MapOptions": -1073742082,
  "Notoriety": null,
  "ChatBubbleTextColor": null,
  "ChatBubbleBackColor": -1,
  "TitleTheText": null,
  "DividerSuperName": null,
  "DividerSuperMap": null,
  "DividerSuperTitle": null,
  "DividerEmailFrom": null,
  "DividerEmailSubject": null,
  "DividerFriendName": null,
  "DividerLfgName": null,
  "DividerLfgMap": null,
  "ChatBeta": null,
  "LfgFlags": null,
  "Comment": null,
  "TooltipDelay": 0.6000000238418579,
  "UltraTailor": null,
  "ArenaPaid": null,
  "ArenaPaidAmount": null,
  "ArenaPrizeAmount": null,
  "Insight": null,
  "CurrentAlt2Tray": null,
  "MaxHitPoints": 126,
  "WisdomPoints": null,
  "WisdomLevel": null,
  "PvPSwitch": null,
  "Reputation": null,
  "VillainGurneyMapId": 1,
  "SkillsUnlocked": null,
  "Rage": null,
  "ExitMissionContext": null,
  "ExitMissionSubHandle": null,
  "ExitMissionCompoundPos": null,
  "ExitMissionOwnerId": null,
  "ExitMissionSuccess": null,
  "TeamCompleteOption": null,
  "TimeInSGMode": null,
  "UpdateTeamTask": null,
  "BuffSettings": null,
  "RecipeInvBonus": null,
  "RecipeInvTotal": 61,
  "SalvageInvBonus": null,
  "SalvageInvTotal": 123,
  "AuctionInvBonus": null,
  "AuctionInvTotal": 36,
  "UiSettings3": -2117599232,
  "StoredSalvageInvBonus": null,
  "StoredSalvageInvTotal": 53,
  "AccSvrLock": null,
  "TrayIndexes": null,
  "HideField": null,
  "originalPrimary": "Savage_Melee",
  "originalSecondary": "Willpower",
  "MouseScrollSpeed": 20,
  "ExperienceRest": null,
  "CurBuild": null,
  "LevelBuild0": null,
  "LevelBuild1": null,
  "LevelBuild2": null,
  "LevelBuild3": null,
  "LevelBuild4": null,
  "LevelBuild5": null,
  "LevelBuild6": null,
  "LevelBuild7": null,
  "RaidsId": null,
  "LevelingPactsId": null,
  "PendingArchitectTickets": null,
  "BuildChangeTime": null,
  "BuildName0": null,
  "BuildName1": null,
  "BuildName2": null,
  "BuildName3": null,
  "BuildName4": null,
  "BuildName5": null,
  "BuildName6": null,
  "BuildName7": null,
  "ExitMissionPlayerCreated": null,
  "LastDayJobsStart": "2023-03-06T10:58:44.000Z",
  "ArchitectMissionsCompleted": null,
  "PlayerSubType": 2,
  "InfluenceType": null,
  "InfluenceEscrow": null,
  "AutoAcceptAbove": null,
  "AutoAcceptBelow": null,
  "LevelAdjust": null,
  "TeamSize": null,
  "UpgradeAV": null,
  "DowngradeBoss": null,
  "PraetorianProgress": null,
  "SpecialMapReturnData": null,
  "IncarnateTimer0": null,
  "IncarnateTimer1": null,
  "IncarnateTimer2": null,
  "IncarnateTimer3": null,
  "IncarnateTimer4": null,
  "IncarnateTimer5": null,
  "IncarnateTimer6": null,
  "IncarnateTimer7": null,
  "IncarnateTimer8": null,
  "IncarnateTimer9": null,
  "PopHelpLatest0": 15,
  "PopHelpLatest1": 13,
  "PopHelpLatest2": null,
  "PopHelpLatest3": null,
  "PopHelpLatest4": null,
  "PopHelpStatus": "0000000000001010",
  "TitleColor1": null,
  "TitleColor2": null,
  "AuthUserDataEx": "00000000000000000000000000800010",
  "LeaguesId": null,
  "SpecialReturnInProgress": null,
  "CurrentRazerTray": null,
  "RequiresGoingRogueOrTrial": null,
  "HomeDBID": null,
  "HomeShard": null,
  "RemoteDBID": null,
  "VisitStartTime": null,
  "HomeSGID": null,
  "HomeLPID": null,
  "ShardVisitorData": null,
  "RemoteShard": null,
  "DisplayAlignmentStatsToOthers": null,
  "DesiredTeamNumber": -2,
  "LastAutoCommandRunTime": 731444206,
  "IsTeamLeader": null,
  "LastTurnstileEventID": null,
  "LastTurnstileMission": null,
  "TurnstileTeamLock": null,
  "PendingCertification0": null,
  "PendingCertification1": null,
  "PendingCertification2": null,
  "PendingCertification3": null,
  "HelperStatus": 2,
  "UiSettings4": 4,
  "MapOptionRevision": 4,
  "MapOptions2": 14,
  "SelectedContactOnZoneEnter": null,
  "PendingCertificationGrant": null,
  "TeamupTimer_ActivePlayer": null,
  "ValidateCostume": null,
  "NumCostumeStored": 2,
  "DoNotKick": null,
  "LastTurnstileStartTime": null,
  "HideOpenSalvageWarning": null,
  "Absorb": null,
  "hideStorePiecesState": null,
  "cursorScale": 1,
  "NewFeaturesVersion": null,
  "Passcode": null
}
