{
  "ContainerId": 1003,
  "Active": null,
  "TeamupsId": null,
  "SupergroupsId": null,
  "TaskforcesId": null,
  "AuthId": 1,
  "AuthName": "Michiyo",
  "Name": "Michiyo",
  "StaticMapId": 1,
  "MapId": null,
  "PosX": 253.25877380371094,
  "PosY": 16.0859375,
  "PosZ": -481.07684326171875,
  "OrientP": null,
  "OrientY": -1.6536309719085693,
  "OrientR": null,
  "TotalTime": 118,
  "LoginCount": 1,
  "LastActive": "2023-03-06T10:58:44.000Z",
  "AccessLevel": 10,
  "ChatBanExpire": null,
  "DbFlags": 262144,
  "Locale": null,
  "GurneyMapId": 1,
  "TitleCommon": null,
  "TitleOrigin": null,
  "MouseSpeed": 1,
  "TurnSpeed": 3,
  "TopChatFilter": null,
  "BotChatFilter": null,
  "ChatSendChannel": 21,
  "KeyProfile": "default",
  "KeybindCount": null,
  "FriendCount": null,
  "Rank": null,
  "TimePlayed": null,
  "MemberSince": null,
  "TaskForceMode": null,
  "BodyType": 1,
  "BodyScale": null,
  "BoneScale": null,
  "ColorSkin": -6573313,
  "Motto": null,
  "Description": null,
  "CurrentTray": null,
  "CurrentAltTray": null,
  "ChatDivider": null,
  "SpawnTarget": null,
  "Class": 242,
  "Origin": 248,
  "Level": null,
  "ExperiencePoints": null,
  "ExperienceDebt": null,
  "InfluencePoints": null,
  "HitPoints": 126,
  "Endurance": 99.41506958007812,
  "ChatFontSize": 12,
  "UniqueTaskIssued": null,
  "TitleSpecial": null,
  "TitlesChosen": null,
  "TitleSpecialExpires": null,
  "AuthUserData": null,
  "UiSettings": 24579,
  "ShowSettings": -958698414,
  "NPCCostume": null,
  "Banned": null,
  "NumCostumeSlots": null,
  "SuperPrimary": null,
  "SuperSecondary": null,
  "CurrentCostume": null,
  "SuperPrimary2": null,
  "SuperSecondary2": null,
  "SuperTertiary": null,
  "SuperQuaternary": null,
  "FxSpecial": null,
  "FxSpecialExpires": null,
  "CsrModified": null,
  "DateCreated": "2023-03-06T10:56:46.000Z",
  "Gender": 3,
  "NameGender": 2,
  "PlayerType": null,
  "Prestige": null,
  "IsSlotLocked": null
}
